,index,filepath,labels
0,641,../datasets/raws\4_hermes_gardenparty\[Class_4]_hermes_gardenparty\1000262352.jpg,3
1,913,../datasets/raws\6_hermes_picotin\picotin\1000345015.jpg,5
2,517,../datasets/raws\3_hermes_lindy\hermes_lindy\1000350438.jpg,2
3,50,../datasets/raws\1_hermes_kelly\hermes_kelly_3\1000079300.jpg,0
4,727,../datasets/raws\4_hermes_gardenparty\[Class_4]_hermes_gardenparty\A23543357.jpg,3
5,623,../datasets/raws\4_hermes_gardenparty\[Class_4]_hermes_gardenparty\1000108931.jpg,3
6,733,../datasets/raws\4_hermes_gardenparty\[Class_4]_hermes_gardenparty\A24316710.jpg,3
7,652,../datasets/raws\4_hermes_gardenparty\[Class_4]_hermes_gardenparty\1000306431.jpg,3
8,649,../datasets/raws\4_hermes_gardenparty\[Class_4]_hermes_gardenparty\1000283996.jpg,3
9,153,../datasets/raws\1_hermes_kelly\hermes_kelly_3\A24631013.jpg,0
10,4,../datasets/raws\1_hermes_kelly\hermes_kelly_3\1000052909.jpg,0
11,745,../datasets/raws\4_hermes_gardenparty\[Class_4]_hermes_gardenparty\A31279298.jpg,3
12,73,../datasets/raws\1_hermes_kelly\hermes_kelly_3\1000178566.jpg,0
13,16,../datasets/raws\1_hermes_kelly\hermes_kelly_3\1000058356.jpg,0
14,787,../datasets/raws\5_hermes_constance\hermes_constance\1000077222.jpg,4
15,799,../datasets/raws\5_hermes_constance\hermes_constance\1000206406.JPG,4
16,908,../datasets/raws\6_hermes_picotin\picotin\1000317792.jpg,5
17,254,../datasets/raws\2_hermes_birkin\hermes_birkin\1000353120.jpg,1
18,345,../datasets/raws\2_hermes_birkin\hermes_birkin\A39383983.jpg,1
19,311,../datasets/raws\2_hermes_birkin\hermes_birkin\A26940592.jpg,1
20,838,../datasets/raws\6_hermes_picotin\picotin\1000095018.jpg,5
21,665,../datasets/raws\4_hermes_gardenparty\[Class_4]_hermes_gardenparty\1000312537.jpg,3
22,185,../datasets/raws\1_hermes_kelly\hermes_kelly_3\A61534702.jpg,0
23,520,../datasets/raws\3_hermes_lindy\hermes_lindy\1000352304.jpg,2
24,961,../datasets/raws\6_hermes_picotin\picotin\A44143669.jpg,5
25,249,../datasets/raws\2_hermes_birkin\hermes_birkin\1000350407.jpg,1
26,329,../datasets/raws\2_hermes_birkin\hermes_birkin\A31711661.jpg,1
27,413,../datasets/raws\3_hermes_lindy\hermes_lindy\1000050470.jpg,2
28,501,../datasets/raws\3_hermes_lindy\hermes_lindy\1000318344.jpg,2
29,619,../datasets/raws\4_hermes_gardenparty\[Class_4]_hermes_gardenparty\1000093693.jpg,3
30,335,../datasets/raws\2_hermes_birkin\hermes_birkin\A35922086.jpg,1
31,790,../datasets/raws\5_hermes_constance\hermes_constance\1000094800.jpg,4
32,57,../datasets/raws\1_hermes_kelly\hermes_kelly_3\1000094341.jpg,0
33,918,../datasets/raws\6_hermes_picotin\picotin\1000349948.jpg,5
34,793,../datasets/raws\5_hermes_constance\hermes_constance\1000107581.jpg,4
35,502,../datasets/raws\3_hermes_lindy\hermes_lindy\1000318649.jpg,2
36,863,../datasets/raws\6_hermes_picotin\picotin\1000178547.jpg,5
37,327,../datasets/raws\2_hermes_birkin\hermes_birkin\A31634833.jpg,1
38,939,../datasets/raws\6_hermes_picotin\picotin\A18517625.jpg,5
39,305,../datasets/raws\2_hermes_birkin\hermes_birkin\A24612204.jpg,1
40,250,../datasets/raws\2_hermes_birkin\hermes_birkin\1000351954.jpg,1
41,631,../datasets/raws\4_hermes_gardenparty\[Class_4]_hermes_gardenparty\1000178935.jpg,3
42,455,../datasets/raws\3_hermes_lindy\hermes_lindy\1000094605.jpg,2
43,478,../datasets/raws\3_hermes_lindy\hermes_lindy\1000206518.jpg,2
44,32,../datasets/raws\1_hermes_kelly\hermes_kelly_3\1000061882.jpg,0
45,887,../datasets/raws\6_hermes_picotin\picotin\1000287573.jpg,5
46,246,../datasets/raws\2_hermes_birkin\hermes_birkin\1000346717.jpg,1
47,282,../datasets/raws\2_hermes_birkin\hermes_birkin\A17798162.jpg,1
48,805,../datasets/raws\5_hermes_constance\hermes_constance\1000311558.jpg,4
49,771,../datasets/raws\4_hermes_gardenparty\[Class_4]_hermes_gardenparty\A69455106.jpg,3
50,83,../datasets/raws\1_hermes_kelly\hermes_kelly_3\1000233007.jpg,0
51,720,../datasets/raws\4_hermes_gardenparty\[Class_4]_hermes_gardenparty\A19563733.jpg,3
52,176,../datasets/raws\1_hermes_kelly\hermes_kelly_3\A48845245.jpg,0
53,89,../datasets/raws\1_hermes_kelly\hermes_kelly_3\1000262128.jpg,0
54,379,../datasets/raws\2_hermes_birkin\hermes_birkin\A60754616.jpg,1
55,967,../datasets/raws\6_hermes_picotin\picotin\A79749087.jpg,5
56,446,../datasets/raws\3_hermes_lindy\hermes_lindy\1000078174.jpg,2
57,401,../datasets/raws\2_hermes_birkin\hermes_birkin\A80009799.jpg,1
58,936,../datasets/raws\6_hermes_picotin\picotin\A16522704.jpg,5
59,772,../datasets/raws\4_hermes_gardenparty\[Class_4]_hermes_gardenparty\A69728928.jpg,3
60,878,../datasets/raws\6_hermes_picotin\picotin\1000262954.jpg,5
61,579,../datasets/raws\4_hermes_gardenparty\[Class_4]_hermes_gardenparty\1000052676.jpg,3
62,312,../datasets/raws\2_hermes_birkin\hermes_birkin\A27222080.jpg,1
63,296,../datasets/raws\2_hermes_birkin\hermes_birkin\A20155812.jpg,1
64,495,../datasets/raws\3_hermes_lindy\hermes_lindy\1000313569.jpg,2
65,524,../datasets/raws\3_hermes_lindy\hermes_lindy\1000354640.jpg,2
66,224,../datasets/raws\2_hermes_birkin\hermes_birkin\1000307007.jpg,1
67,655,../datasets/raws\4_hermes_gardenparty\[Class_4]_hermes_gardenparty\1000307818.jpg,3
68,622,../datasets/raws\4_hermes_gardenparty\[Class_4]_hermes_gardenparty\1000107932.jpg,3
69,334,../datasets/raws\2_hermes_birkin\hermes_birkin\A35795209.jpg,1
70,289,../datasets/raws\2_hermes_birkin\hermes_birkin\A19151506.jpg,1
71,595,../datasets/raws\4_hermes_gardenparty\[Class_4]_hermes_gardenparty\1000060553.jpg,3
72,307,../datasets/raws\2_hermes_birkin\hermes_birkin\A25253437.jpg,1
73,76,../datasets/raws\1_hermes_kelly\hermes_kelly_3\1000179844.jpg,0
74,580,../datasets/raws\4_hermes_gardenparty\[Class_4]_hermes_gardenparty\1000053280.jpg,3
75,529,../datasets/raws\3_hermes_lindy\hermes_lindy\A11177610.jpg,2
76,163,../datasets/raws\1_hermes_kelly\hermes_kelly_3\A30736142.jpg,0
77,93,../datasets/raws\1_hermes_kelly\hermes_kelly_3\1000284166.jpg,0
78,688,../datasets/raws\4_hermes_gardenparty\[Class_4]_hermes_gardenparty\1000349934.jpg,3
79,328,../datasets/raws\2_hermes_birkin\hermes_birkin\A31696390.jpg,1
80,774,../datasets/raws\4_hermes_gardenparty\[Class_4]_hermes_gardenparty\A77166566.jpg,3
81,167,../datasets/raws\1_hermes_kelly\hermes_kelly_3\A34591338.jpg,0
82,302,../datasets/raws\2_hermes_birkin\hermes_birkin\A23615100.jpg,1
83,609,../datasets/raws\4_hermes_gardenparty\[Class_4]_hermes_gardenparty\1000076974.jpg,3
84,820,../datasets/raws\6_hermes_picotin\picotin\1000050280.jpg,5
85,263,../datasets/raws\2_hermes_birkin\hermes_birkin\A11165484.jpg,1
86,368,../datasets/raws\2_hermes_birkin\hermes_birkin\A54547529.jpg,1
87,726,../datasets/raws\4_hermes_gardenparty\[Class_4]_hermes_gardenparty\A23529496.jpg,3
88,194,../datasets/raws\1_hermes_kelly\hermes_kelly_3\A77761215.jpg,0
89,932,../datasets/raws\6_hermes_picotin\picotin\A12913155.jpg,5
90,587,../datasets/raws\4_hermes_gardenparty\[Class_4]_hermes_gardenparty\1000058067.jpg,3
91,692,../datasets/raws\4_hermes_gardenparty\[Class_4]_hermes_gardenparty\1000351502.jpg,3
92,273,../datasets/raws\2_hermes_birkin\hermes_birkin\A13675046.jpg,1
93,699,../datasets/raws\4_hermes_gardenparty\[Class_4]_hermes_gardenparty\1000355799.jpg,3
94,556,../datasets/raws\3_hermes_lindy\hermes_lindy\A31131228.jpg,2
95,818,../datasets/raws\5_hermes_constance\hermes_constance\1000356724.jpg,4
96,407,../datasets/raws\2_hermes_birkin\hermes_birkin\A94405881.jpg,1
97,807,../datasets/raws\5_hermes_constance\hermes_constance\1000316605.jpg,4
98,680,../datasets/raws\4_hermes_gardenparty\[Class_4]_hermes_gardenparty\1000345950.jpg,3
99,162,../datasets/raws\1_hermes_kelly\hermes_kelly_3\A30423285.jpg,0
100,294,../datasets/raws\2_hermes_birkin\hermes_birkin\A19816980.jpg,1
101,319,../datasets/raws\2_hermes_birkin\hermes_birkin\A29037577.jpg,1
102,509,../datasets/raws\3_hermes_lindy\hermes_lindy\1000346341.jpg,2
103,627,../datasets/raws\4_hermes_gardenparty\[Class_4]_hermes_gardenparty\1000152969.jpg,3
104,372,../datasets/raws\2_hermes_birkin\hermes_birkin\A56852818.jpg,1
105,477,../datasets/raws\3_hermes_lindy\hermes_lindy\1000206400.jpg,2
106,531,../datasets/raws\3_hermes_lindy\hermes_lindy\A13330302.jpg,2
107,769,../datasets/raws\4_hermes_gardenparty\[Class_4]_hermes_gardenparty\A66118265.jpg,3
108,822,../datasets/raws\6_hermes_picotin\picotin\1000054441.jpg,5
109,442,../datasets/raws\3_hermes_lindy\hermes_lindy\1000076320.jpg,2
110,785,../datasets/raws\5_hermes_constance\hermes_constance\1000062197.jpg,4
111,968,../datasets/raws\6_hermes_picotin\picotin\A84677276.jpg,5
112,601,../datasets/raws\4_hermes_gardenparty\[Class_4]_hermes_gardenparty\1000062213.jpg,3
113,872,../datasets/raws\6_hermes_picotin\picotin\1000207259.jpg,5
114,59,../datasets/raws\1_hermes_kelly\hermes_kelly_3\1000107438.jpg,0
115,882,../datasets/raws\6_hermes_picotin\picotin\1000265620.jpg,5
116,223,../datasets/raws\2_hermes_birkin\hermes_birkin\1000306352.jpg,1
117,604,../datasets/raws\4_hermes_gardenparty\[Class_4]_hermes_gardenparty\1000062223.jpg,3
118,303,../datasets/raws\2_hermes_birkin\hermes_birkin\A23728285.jpg,1
119,287,../datasets/raws\2_hermes_birkin\hermes_birkin\A19098466.jpg,1
120,475,../datasets/raws\3_hermes_lindy\hermes_lindy\1000180056.jpg,2
121,732,../datasets/raws\4_hermes_gardenparty\[Class_4]_hermes_gardenparty\A24200924.jpg,3
122,964,../datasets/raws\6_hermes_picotin\picotin\A60769596.jpg,5
123,8,../datasets/raws\1_hermes_kelly\hermes_kelly_3\1000055782.jpg,0
124,108,../datasets/raws\1_hermes_kelly\hermes_kelly_3\1000316264.jpg,0
125,488,../datasets/raws\3_hermes_lindy\hermes_lindy\1000286473.jpg,2
126,708,../datasets/raws\4_hermes_gardenparty\[Class_4]_hermes_gardenparty\A13827418.jpg,3
127,437,../datasets/raws\3_hermes_lindy\hermes_lindy\1000061289.jpg,2
128,553,../datasets/raws\3_hermes_lindy\hermes_lindy\A28241244.jpg,2
129,842,../datasets/raws\6_hermes_picotin\picotin\1000108029.jpg,5
130,512,../datasets/raws\3_hermes_lindy\hermes_lindy\1000348258.jpg,2
131,743,../datasets/raws\4_hermes_gardenparty\[Class_4]_hermes_gardenparty\A30409772.jpg,3
132,770,../datasets/raws\4_hermes_gardenparty\[Class_4]_hermes_gardenparty\A67329585.jpg,3
133,804,../datasets/raws\5_hermes_constance\hermes_constance\1000310888.jpg,4
134,5,../datasets/raws\1_hermes_kelly\hermes_kelly_3\1000053277.jpg,0
135,25,../datasets/raws\1_hermes_kelly\hermes_kelly_3\1000060793.jpg,0
136,320,../datasets/raws\2_hermes_birkin\hermes_birkin\A29189680.jpg,1
137,15,../datasets/raws\1_hermes_kelly\hermes_kelly_3\1000058321.jpg,0
138,812,../datasets/raws\5_hermes_constance\hermes_constance\1000345343.jpg,4
139,374,../datasets/raws\2_hermes_birkin\hermes_birkin\A57720237.jpg,1
140,546,../datasets/raws\3_hermes_lindy\hermes_lindy\A23345981.jpg,2
141,504,../datasets/raws\3_hermes_lindy\hermes_lindy\1000319267.jpg,2
142,694,../datasets/raws\4_hermes_gardenparty\[Class_4]_hermes_gardenparty\1000353245.jpg,3
143,53,../datasets/raws\1_hermes_kelly\hermes_kelly_3\1000093683.jpg,0
144,366,../datasets/raws\2_hermes_birkin\hermes_birkin\A53160014.jpg,1
145,175,../datasets/raws\1_hermes_kelly\hermes_kelly_3\A46423179.jpg,0
146,710,../datasets/raws\4_hermes_gardenparty\[Class_4]_hermes_gardenparty\A14674039.jpg,3
147,958,../datasets/raws\6_hermes_picotin\picotin\A41567124.jpg,5
148,662,../datasets/raws\4_hermes_gardenparty\[Class_4]_hermes_gardenparty\1000310825.jpg,3
149,924,../datasets/raws\6_hermes_picotin\picotin\1000356720.jpg,5
150,755,../datasets/raws\4_hermes_gardenparty\[Class_4]_hermes_gardenparty\A40201787.jpg,3
151,1,../datasets/raws\1_hermes_kelly\hermes_kelly_3\1000050523.jpg,0
152,518,../datasets/raws\3_hermes_lindy\hermes_lindy\1000350825.jpg,2
153,705,../datasets/raws\4_hermes_gardenparty\[Class_4]_hermes_gardenparty\A11678957.jpg,3
154,492,../datasets/raws\3_hermes_lindy\hermes_lindy\1000311889.jpg,2
155,392,../datasets/raws\2_hermes_birkin\hermes_birkin\A70340395.jpg,1
156,471,../datasets/raws\3_hermes_lindy\hermes_lindy\1000177742.jpg,2
157,868,../datasets/raws\6_hermes_picotin\picotin\1000204995.jpg,5
158,33,../datasets/raws\1_hermes_kelly\hermes_kelly_3\1000062206.jpg,0
159,188,../datasets/raws\1_hermes_kelly\hermes_kelly_3\A63008899.jpg,0
160,813,../datasets/raws\5_hermes_constance\hermes_constance\1000346642.jpg,4
161,149,../datasets/raws\1_hermes_kelly\hermes_kelly_3\A21740624.jpg,0
162,230,../datasets/raws\2_hermes_birkin\hermes_birkin\1000312143.jpg,1
163,621,../datasets/raws\4_hermes_gardenparty\[Class_4]_hermes_gardenparty\1000094432.jpg,3
164,148,../datasets/raws\1_hermes_kelly\hermes_kelly_3\A21630521.jpg,0
165,606,../datasets/raws\4_hermes_gardenparty\[Class_4]_hermes_gardenparty\1000076707.jpg,3
166,365,../datasets/raws\2_hermes_birkin\hermes_birkin\A51904512.jpg,1
167,500,../datasets/raws\3_hermes_lindy\hermes_lindy\1000316601.jpg,2
168,180,../datasets/raws\1_hermes_kelly\hermes_kelly_3\A52184412.jpg,0
169,116,../datasets/raws\1_hermes_kelly\hermes_kelly_3\1000319353.jpg,0
170,542,../datasets/raws\3_hermes_lindy\hermes_lindy\A20280045.jpg,2
171,256,../datasets/raws\2_hermes_birkin\hermes_birkin\A10154739.jpg,1
172,439,../datasets/raws\3_hermes_lindy\hermes_lindy\1000061855.jpg,2
173,409,../datasets/raws\2_hermes_birkin\hermes_birkin\A95869879.jpg,1
174,314,../datasets/raws\2_hermes_birkin\hermes_birkin\A27871433.jpg,1
175,763,../datasets/raws\4_hermes_gardenparty\[Class_4]_hermes_gardenparty\A54383187.jpg,3
176,74,../datasets/raws\1_hermes_kelly\hermes_kelly_3\1000178692.jpg,0
177,633,../datasets/raws\4_hermes_gardenparty\[Class_4]_hermes_gardenparty\1000179410.jpg,3
178,565,../datasets/raws\3_hermes_lindy\hermes_lindy\A42797886.jpg,2
179,593,../datasets/raws\4_hermes_gardenparty\[Class_4]_hermes_gardenparty\1000060135.jpg,3
180,219,../datasets/raws\2_hermes_birkin\hermes_birkin\1000264607.jpg,1
181,318,../datasets/raws\2_hermes_birkin\hermes_birkin\A28780837.jpg,1
182,890,../datasets/raws\6_hermes_picotin\picotin\1000288030.jpg,5
183,674,../datasets/raws\4_hermes_gardenparty\[Class_4]_hermes_gardenparty\1000320302.jpg,3
184,27,../datasets/raws\1_hermes_kelly\hermes_kelly_3\1000060999.jpg,0
185,272,../datasets/raws\2_hermes_birkin\hermes_birkin\A13422528.jpg,1
186,228,../datasets/raws\2_hermes_birkin\hermes_birkin\1000309961.jpg,1
187,22,../datasets/raws\1_hermes_kelly\hermes_kelly_3\1000060098.jpg,0
188,49,../datasets/raws\1_hermes_kelly\hermes_kelly_3\1000079236.jpg,0
189,583,../datasets/raws\4_hermes_gardenparty\[Class_4]_hermes_gardenparty\1000054280.jpg,3
190,849,../datasets/raws\6_hermes_picotin\picotin\1000126815.jpg,5
191,625,../datasets/raws\4_hermes_gardenparty\[Class_4]_hermes_gardenparty\1000126548.jpg,3
192,654,../datasets/raws\4_hermes_gardenparty\[Class_4]_hermes_gardenparty\1000307637.jpg,3
193,925,../datasets/raws\6_hermes_picotin\picotin\1000356854.jpg,5
194,885,../datasets/raws\6_hermes_picotin\picotin\1000286600.jpg,5
195,845,../datasets/raws\6_hermes_picotin\picotin\1000109643.jpg,5
196,499,../datasets/raws\3_hermes_lindy\hermes_lindy\1000316004.jpg,2
197,308,../datasets/raws\2_hermes_birkin\hermes_birkin\A25503968.jpg,1
198,63,../datasets/raws\1_hermes_kelly\hermes_kelly_3\1000108740.jpg,0
199,871,../datasets/raws\6_hermes_picotin\picotin\1000206575.JPG,5
200,196,../datasets/raws\1_hermes_kelly\hermes_kelly_3\A87176880.jpg,0
201,567,../datasets/raws\3_hermes_lindy\hermes_lindy\A50899700.jpg,2
202,240,../datasets/raws\2_hermes_birkin\hermes_birkin\1000319160.jpg,1
203,350,../datasets/raws\2_hermes_birkin\hermes_birkin\A41301829.jpg,1
204,298,../datasets/raws\2_hermes_birkin\hermes_birkin\A21754600.jpg,1
205,937,../datasets/raws\6_hermes_picotin\picotin\A17599620.jpg,5
206,213,../datasets/raws\2_hermes_birkin\hermes_birkin\1000128375.jpg,1
207,238,../datasets/raws\2_hermes_birkin\hermes_birkin\1000318941.jpg,1
208,816,../datasets/raws\5_hermes_constance\hermes_constance\1000351363.jpg,4
209,338,../datasets/raws\2_hermes_birkin\hermes_birkin\A37906988.jpg,1
210,773,../datasets/raws\4_hermes_gardenparty\[Class_4]_hermes_gardenparty\A76741668.jpg,3
211,333,../datasets/raws\2_hermes_birkin\hermes_birkin\A35547997.jpg,1
212,107,../datasets/raws\1_hermes_kelly\hermes_kelly_3\1000315396.jpg,0
213,355,../datasets/raws\2_hermes_birkin\hermes_birkin\A45459536.jpg,1
214,60,../datasets/raws\1_hermes_kelly\hermes_kelly_3\1000107578.jpg,0
215,71,../datasets/raws\1_hermes_kelly\hermes_kelly_3\1000178027.jpg,0
216,211,../datasets/raws\2_hermes_birkin\hermes_birkin\1000109979.jpg,1
217,837,../datasets/raws\6_hermes_picotin\picotin\1000094205.jpg,5
218,543,../datasets/raws\3_hermes_lindy\hermes_lindy\A21138235.jpg,2
219,427,../datasets/raws\3_hermes_lindy\hermes_lindy\1000055948.jpg,2
220,737,../datasets/raws\4_hermes_gardenparty\[Class_4]_hermes_gardenparty\A25862791.jpg,3
221,549,../datasets/raws\3_hermes_lindy\hermes_lindy\A24801465.jpg,2
222,234,../datasets/raws\2_hermes_birkin\hermes_birkin\1000317313.jpg,1
223,70,../datasets/raws\1_hermes_kelly\hermes_kelly_3\1000153470.jpg,0
224,415,../datasets/raws\3_hermes_lindy\hermes_lindy\1000051318.jpg,2
225,496,../datasets/raws\3_hermes_lindy\hermes_lindy\1000313782.jpg,2
226,929,../datasets/raws\6_hermes_picotin\picotin\A11305010.jpg,5
227,146,../datasets/raws\1_hermes_kelly\hermes_kelly_3\A19741381.jpg,0
228,65,../datasets/raws\1_hermes_kelly\hermes_kelly_3\1000109445.jpg,0
229,858,../datasets/raws\6_hermes_picotin\picotin\1000152372.jpg,5
230,697,../datasets/raws\4_hermes_gardenparty\[Class_4]_hermes_gardenparty\1000354679.jpg,3
231,222,../datasets/raws\2_hermes_birkin\hermes_birkin\1000287039.jpg,1
232,141,../datasets/raws\1_hermes_kelly\hermes_kelly_3\A17266895.jpg,0
233,227,../datasets/raws\2_hermes_birkin\hermes_birkin\1000309959.jpg,1
234,715,../datasets/raws\4_hermes_gardenparty\[Class_4]_hermes_gardenparty\A15891972.jpg,3
235,264,../datasets/raws\2_hermes_birkin\hermes_birkin\A11274788.jpg,1
236,829,../datasets/raws\6_hermes_picotin\picotin\1000077459.jpg,5
237,920,../datasets/raws\6_hermes_picotin\picotin\1000353642.jpg,5
238,84,../datasets/raws\1_hermes_kelly\hermes_kelly_3\1000233422.jpg,0
239,893,../datasets/raws\6_hermes_picotin\picotin\1000307823.jpg,5
240,900,../datasets/raws\6_hermes_picotin\picotin\1000313291.jpg,5
241,810,../datasets/raws\5_hermes_constance\hermes_constance\1000317917.jpg,4
242,158,../datasets/raws\1_hermes_kelly\hermes_kelly_3\A27486766.jpg,0
243,468,../datasets/raws\3_hermes_lindy\hermes_lindy\1000128297.jpg,2
244,232,../datasets/raws\2_hermes_birkin\hermes_birkin\1000316664.jpg,1
245,739,../datasets/raws\4_hermes_gardenparty\[Class_4]_hermes_gardenparty\A27352441.jpg,3
246,370,../datasets/raws\2_hermes_birkin\hermes_birkin\A56183120.jpg,1
247,768,../datasets/raws\4_hermes_gardenparty\[Class_4]_hermes_gardenparty\A65656760.jpg,3
248,96,../datasets/raws\1_hermes_kelly\hermes_kelly_3\1000287409.jpg,0
249,384,../datasets/raws\2_hermes_birkin\hermes_birkin\A63058751.jpg,1
250,956,../datasets/raws\6_hermes_picotin\picotin\A36074650.jpg,5
251,711,../datasets/raws\4_hermes_gardenparty\[Class_4]_hermes_gardenparty\A14760933.jpg,3
252,709,../datasets/raws\4_hermes_gardenparty\[Class_4]_hermes_gardenparty\A14231936.jpg,3
253,928,../datasets/raws\6_hermes_picotin\picotin\A11145937.jpg,5
254,573,../datasets/raws\3_hermes_lindy\hermes_lindy\A72742000.jpg,2
255,182,../datasets/raws\1_hermes_kelly\hermes_kelly_3\A56152632.jpg,0
256,90,../datasets/raws\1_hermes_kelly\hermes_kelly_3\1000263947.jpg,0
257,578,../datasets/raws\4_hermes_gardenparty\[Class_4]_hermes_gardenparty\1000051061.jpg,3
258,632,../datasets/raws\4_hermes_gardenparty\[Class_4]_hermes_gardenparty\1000179065.jpg,3
259,886,../datasets/raws\6_hermes_picotin\picotin\1000286986.jpg,5
260,728,../datasets/raws\4_hermes_gardenparty\[Class_4]_hermes_gardenparty\A23771805.jpg,3
261,342,../datasets/raws\2_hermes_birkin\hermes_birkin\A38882970.jpg,1
262,122,../datasets/raws\1_hermes_kelly\hermes_kelly_3\1000352047.jpg,0
263,191,../datasets/raws\1_hermes_kelly\hermes_kelly_3\A68640408.jpg,0
264,740,../datasets/raws\4_hermes_gardenparty\[Class_4]_hermes_gardenparty\A27899473.jpg,3
265,236,../datasets/raws\2_hermes_birkin\hermes_birkin\1000317969.jpg,1
266,590,../datasets/raws\4_hermes_gardenparty\[Class_4]_hermes_gardenparty\1000059087.JPG,3
267,472,../datasets/raws\3_hermes_lindy\hermes_lindy\1000178490.jpg,2
268,358,../datasets/raws\2_hermes_birkin\hermes_birkin\A46764694.jpg,1
269,653,../datasets/raws\4_hermes_gardenparty\[Class_4]_hermes_gardenparty\1000306449.jpg,3
270,643,../datasets/raws\4_hermes_gardenparty\[Class_4]_hermes_gardenparty\1000262907.jpg,3
271,670,../datasets/raws\4_hermes_gardenparty\[Class_4]_hermes_gardenparty\1000317414.jpg,3
272,952,../datasets/raws\6_hermes_picotin\picotin\A31515960.jpg,5
273,571,../datasets/raws\3_hermes_lindy\hermes_lindy\A69984640.jpg,2
274,313,../datasets/raws\2_hermes_birkin\hermes_birkin\A27293034.jpg,1
275,353,../datasets/raws\2_hermes_birkin\hermes_birkin\A44835868.jpg,1
276,637,../datasets/raws\4_hermes_gardenparty\[Class_4]_hermes_gardenparty\1000260868.jpg,3
277,693,../datasets/raws\4_hermes_gardenparty\[Class_4]_hermes_gardenparty\1000351994.jpg,3
278,164,../datasets/raws\1_hermes_kelly\hermes_kelly_3\A31122150.jpg,0
279,644,../datasets/raws\4_hermes_gardenparty\[Class_4]_hermes_gardenparty\1000263043.jpg,3
280,656,../datasets/raws\4_hermes_gardenparty\[Class_4]_hermes_gardenparty\1000308739.jpg,3
281,639,../datasets/raws\4_hermes_gardenparty\[Class_4]_hermes_gardenparty\1000261856.jpg,3
282,610,../datasets/raws\4_hermes_gardenparty\[Class_4]_hermes_gardenparty\1000077813.jpg,3
283,95,../datasets/raws\1_hermes_kelly\hermes_kelly_3\1000287270.jpg,0
284,778,../datasets/raws\4_hermes_gardenparty\[Class_4]_hermes_gardenparty\A97099433.jpg,3
285,134,../datasets/raws\1_hermes_kelly\hermes_kelly_3\A15632637.jpg,0
286,760,../datasets/raws\4_hermes_gardenparty\[Class_4]_hermes_gardenparty\A43841424.jpg,3
287,895,../datasets/raws\6_hermes_picotin\picotin\1000309752.jpg,5
288,547,../datasets/raws\3_hermes_lindy\hermes_lindy\A23478780.jpg,2
289,647,../datasets/raws\4_hermes_gardenparty\[Class_4]_hermes_gardenparty\1000263957.jpg,3
290,103,../datasets/raws\1_hermes_kelly\hermes_kelly_3\1000311991.jpg,0
291,352,../datasets/raws\2_hermes_birkin\hermes_birkin\A44399564.jpg,1
292,135,../datasets/raws\1_hermes_kelly\hermes_kelly_3\A15650821.jpg,0
293,576,../datasets/raws\3_hermes_lindy\hermes_lindy\A96728164.jpg,2
294,757,../datasets/raws\4_hermes_gardenparty\[Class_4]_hermes_gardenparty\A42000156.jpg,3
295,373,../datasets/raws\2_hermes_birkin\hermes_birkin\A57014442.jpg,1
296,443,../datasets/raws\3_hermes_lindy\hermes_lindy\1000077151.jpg,2
297,729,../datasets/raws\4_hermes_gardenparty\[Class_4]_hermes_gardenparty\A23807150.jpg,3
298,260,../datasets/raws\2_hermes_birkin\hermes_birkin\A10870621.jpg,1
299,127,../datasets/raws\1_hermes_kelly\hermes_kelly_3\A10670119.jpg,0
300,395,../datasets/raws\2_hermes_birkin\hermes_birkin\A73085950.jpg,1
301,753,../datasets/raws\4_hermes_gardenparty\[Class_4]_hermes_gardenparty\A37894500.jpg,3
302,701,../datasets/raws\4_hermes_gardenparty\[Class_4]_hermes_gardenparty\1000356270.jpg,3
303,592,../datasets/raws\4_hermes_gardenparty\[Class_4]_hermes_gardenparty\1000059794.jpg,3
304,538,../datasets/raws\3_hermes_lindy\hermes_lindy\A17914368.jpg,2
305,786,../datasets/raws\5_hermes_constance\hermes_constance\1000076726.jpg,4
306,186,../datasets/raws\1_hermes_kelly\hermes_kelly_3\A61874508.jpg,0
307,734,../datasets/raws\4_hermes_gardenparty\[Class_4]_hermes_gardenparty\A24813444.jpg,3
308,724,../datasets/raws\4_hermes_gardenparty\[Class_4]_hermes_gardenparty\A22387351.jpg,3
309,736,../datasets/raws\4_hermes_gardenparty\[Class_4]_hermes_gardenparty\A25602036.jpg,3
310,195,../datasets/raws\1_hermes_kelly\hermes_kelly_3\A84994902.jpg,0
311,129,../datasets/raws\1_hermes_kelly\hermes_kelly_3\A11484086.jpg,0
312,798,../datasets/raws\5_hermes_constance\hermes_constance\1000206404.JPG,4
313,258,../datasets/raws\2_hermes_birkin\hermes_birkin\A10361896.jpg,1
314,402,../datasets/raws\2_hermes_birkin\hermes_birkin\A82791632.jpg,1
315,119,../datasets/raws\1_hermes_kelly\hermes_kelly_3\1000320669.jpg,0
316,683,../datasets/raws\4_hermes_gardenparty\[Class_4]_hermes_gardenparty\1000348433.jpg,3
317,915,../datasets/raws\6_hermes_picotin\picotin\1000347230.jpg,5
318,731,../datasets/raws\4_hermes_gardenparty\[Class_4]_hermes_gardenparty\A24022574.jpg,3
319,138,../datasets/raws\1_hermes_kelly\hermes_kelly_3\A16429941.jpg,0
320,190,../datasets/raws\1_hermes_kelly\hermes_kelly_3\A67328856.jpg,0
321,420,../datasets/raws\3_hermes_lindy\hermes_lindy\1000052632.jpg,2
322,857,../datasets/raws\6_hermes_picotin\picotin\1000128277.jpg,5
323,789,../datasets/raws\5_hermes_constance\hermes_constance\1000094254.jpg,4
324,859,../datasets/raws\6_hermes_picotin\picotin\1000152520.jpg,5
325,930,../datasets/raws\6_hermes_picotin\picotin\A12158088.jpg,5
326,658,../datasets/raws\4_hermes_gardenparty\[Class_4]_hermes_gardenparty\1000309212.jpg,3
327,13,../datasets/raws\1_hermes_kelly\hermes_kelly_3\1000057953.jpg,0
328,966,../datasets/raws\6_hermes_picotin\picotin\A75709450.jpg,5
329,221,../datasets/raws\2_hermes_birkin\hermes_birkin\1000285806.jpg,1
330,47,../datasets/raws\1_hermes_kelly\hermes_kelly_3\1000078847.jpg,0
331,522,../datasets/raws\3_hermes_lindy\hermes_lindy\1000353203.jpg,2
332,203,../datasets/raws\2_hermes_birkin\hermes_birkin\1000061725.jpg,1
333,950,../datasets/raws\6_hermes_picotin\picotin\A29064089.jpg,5
334,534,../datasets/raws\3_hermes_lindy\hermes_lindy\A14658348.jpg,2
335,585,../datasets/raws\4_hermes_gardenparty\[Class_4]_hermes_gardenparty\1000057081.jpg,3
336,279,../datasets/raws\2_hermes_birkin\hermes_birkin\A16691241.jpg,1
337,558,../datasets/raws\3_hermes_lindy\hermes_lindy\A34419789.jpg,2
338,459,../datasets/raws\3_hermes_lindy\hermes_lindy\1000107810.jpg,2
339,3,../datasets/raws\1_hermes_kelly\hermes_kelly_3\1000051567.jpg,0
340,835,../datasets/raws\6_hermes_picotin\picotin\1000079954.jpg,5
341,371,../datasets/raws\2_hermes_birkin\hermes_birkin\A56799719.jpg,1
342,962,../datasets/raws\6_hermes_picotin\picotin\A50805492.jpg,5
343,884,../datasets/raws\6_hermes_picotin\picotin\1000286338.jpg,5
344,68,../datasets/raws\1_hermes_kelly\hermes_kelly_3\1000127774.jpg,0
345,44,../datasets/raws\1_hermes_kelly\hermes_kelly_3\1000077904.jpg,0
346,97,../datasets/raws\1_hermes_kelly\hermes_kelly_3\1000288166.jpg,0
347,507,../datasets/raws\3_hermes_lindy\hermes_lindy\1000346223.jpg,2
348,917,../datasets/raws\6_hermes_picotin\picotin\1000349936.jpg,5
349,55,../datasets/raws\1_hermes_kelly\hermes_kelly_3\1000093685.jpg,0
350,948,../datasets/raws\6_hermes_picotin\picotin\A25935760.jpg,5
351,617,../datasets/raws\4_hermes_gardenparty\[Class_4]_hermes_gardenparty\1000079819.jpg,3
352,383,../datasets/raws\2_hermes_birkin\hermes_birkin\A63027426.jpg,1
353,888,../datasets/raws\6_hermes_picotin\picotin\1000287635.jpg,5
354,189,../datasets/raws\1_hermes_kelly\hermes_kelly_3\A65521520.jpg,0
355,663,../datasets/raws\4_hermes_gardenparty\[Class_4]_hermes_gardenparty\1000310828.jpg,3
356,901,../datasets/raws\6_hermes_picotin\picotin\1000313787.jpg,5
357,689,../datasets/raws\4_hermes_gardenparty\[Class_4]_hermes_gardenparty\1000350077.jpg,3
358,516,../datasets/raws\3_hermes_lindy\hermes_lindy\1000350414.jpg,2
359,37,../datasets/raws\1_hermes_kelly\hermes_kelly_3\1000076482.jpg,0
360,72,../datasets/raws\1_hermes_kelly\hermes_kelly_3\1000178491.jpg,0
361,369,../datasets/raws\2_hermes_birkin\hermes_birkin\A55888896.jpg,1
362,400,../datasets/raws\2_hermes_birkin\hermes_birkin\A74907109.jpg,1
363,154,../datasets/raws\1_hermes_kelly\hermes_kelly_3\A25205023.jpg,0
364,449,../datasets/raws\3_hermes_lindy\hermes_lindy\1000079575.jpg,2
365,965,../datasets/raws\6_hermes_picotin\picotin\A62339760.jpg,5
366,914,../datasets/raws\6_hermes_picotin\picotin\1000345359.jpg,5
367,909,../datasets/raws\6_hermes_picotin\picotin\1000318248.jpg,5
368,487,../datasets/raws\3_hermes_lindy\hermes_lindy\1000285282.jpg,2
369,251,../datasets/raws\2_hermes_birkin\hermes_birkin\1000352708.jpg,1
370,934,../datasets/raws\6_hermes_picotin\picotin\A15888969.jpg,5
371,266,../datasets/raws\2_hermes_birkin\hermes_birkin\A12637640.jpg,1
372,464,../datasets/raws\3_hermes_lindy\hermes_lindy\1000126806.jpg,2
373,725,../datasets/raws\4_hermes_gardenparty\[Class_4]_hermes_gardenparty\A22960000.jpg,3
374,67,../datasets/raws\1_hermes_kelly\hermes_kelly_3\1000127603.jpg,0
375,278,../datasets/raws\2_hermes_birkin\hermes_birkin\A16071202.jpg,1
376,309,../datasets/raws\2_hermes_birkin\hermes_birkin\A25551061.jpg,1
377,69,../datasets/raws\1_hermes_kelly\hermes_kelly_3\1000152205.jpg,0
378,11,../datasets/raws\1_hermes_kelly\hermes_kelly_3\1000057508.jpg,0
379,52,../datasets/raws\1_hermes_kelly\hermes_kelly_3\1000093419.jpg,0
380,239,../datasets/raws\2_hermes_birkin\hermes_birkin\1000319084.jpg,1
381,290,../datasets/raws\2_hermes_birkin\hermes_birkin\A19192902.jpg,1
382,166,../datasets/raws\1_hermes_kelly\hermes_kelly_3\A32662212.jpg,0
383,364,../datasets/raws\2_hermes_birkin\hermes_birkin\A49491805.jpg,1
384,508,../datasets/raws\3_hermes_lindy\hermes_lindy\1000346274.jpg,2
385,295,../datasets/raws\2_hermes_birkin\hermes_birkin\A19941762.jpg,1
386,87,../datasets/raws\1_hermes_kelly\hermes_kelly_3\1000261106.jpg,0
387,823,../datasets/raws\6_hermes_picotin\picotin\1000055108.jpg,5
388,860,../datasets/raws\6_hermes_picotin\picotin\1000153766.jpg,5
389,424,../datasets/raws\3_hermes_lindy\hermes_lindy\1000054989.jpg,2
390,535,../datasets/raws\3_hermes_lindy\hermes_lindy\A15335844.jpg,2
391,750,../datasets/raws\4_hermes_gardenparty\[Class_4]_hermes_gardenparty\A34296083.jpg,3
392,24,../datasets/raws\1_hermes_kelly\hermes_kelly_3\1000060663.jpg,0
393,608,../datasets/raws\4_hermes_gardenparty\[Class_4]_hermes_gardenparty\1000076930.jpg,3
394,526,../datasets/raws\3_hermes_lindy\hermes_lindy\A10467770.jpg,2
395,225,../datasets/raws\2_hermes_birkin\hermes_birkin\1000307937.jpg,1
396,751,../datasets/raws\4_hermes_gardenparty\[Class_4]_hermes_gardenparty\A35553450.jpg,3
397,532,../datasets/raws\3_hermes_lindy\hermes_lindy\A13536907.jpg,2
398,959,../datasets/raws\6_hermes_picotin\picotin\A43652369.jpg,5
399,525,../datasets/raws\3_hermes_lindy\hermes_lindy\1000356185.jpg,2
400,255,../datasets/raws\2_hermes_birkin\hermes_birkin\A10081260.jpg,1
401,876,../datasets/raws\6_hermes_picotin\picotin\1000261794.JPG,5
402,855,../datasets/raws\6_hermes_picotin\picotin\1000128261.jpg,5
403,511,../datasets/raws\3_hermes_lindy\hermes_lindy\1000347517.jpg,2
404,467,../datasets/raws\3_hermes_lindy\hermes_lindy\1000127569.jpg,2
405,323,../datasets/raws\2_hermes_birkin\hermes_birkin\A29825765.jpg,1
406,17,../datasets/raws\1_hermes_kelly\hermes_kelly_3\1000058709.jpg,0
407,762,../datasets/raws\4_hermes_gardenparty\[Class_4]_hermes_gardenparty\A54096185.jpg,3
408,389,../datasets/raws\2_hermes_birkin\hermes_birkin\A67305960.jpg,1
409,814,../datasets/raws\5_hermes_constance\hermes_constance\1000349857.jpg,4
410,247,../datasets/raws\2_hermes_birkin\hermes_birkin\1000350232.jpg,1
411,691,../datasets/raws\4_hermes_gardenparty\[Class_4]_hermes_gardenparty\1000350453.jpg,3
412,243,../datasets/raws\2_hermes_birkin\hermes_birkin\1000344773.jpg,1
413,682,../datasets/raws\4_hermes_gardenparty\[Class_4]_hermes_gardenparty\1000347509.jpg,3
414,889,../datasets/raws\6_hermes_picotin\picotin\1000287954.jpg,5
415,881,../datasets/raws\6_hermes_picotin\picotin\1000265412.jpg,5
416,864,../datasets/raws\6_hermes_picotin\picotin\1000180231.jpg,5
417,36,../datasets/raws\1_hermes_kelly\hermes_kelly_3\1000076481.jpg,0
418,591,../datasets/raws\4_hermes_gardenparty\[Class_4]_hermes_gardenparty\1000059088.jpg,3
419,536,../datasets/raws\3_hermes_lindy\hermes_lindy\A15959853.jpg,2
420,577,../datasets/raws\4_hermes_gardenparty\[Class_4]_hermes_gardenparty\1000050658.jpg,3
421,114,../datasets/raws\1_hermes_kelly\hermes_kelly_3\1000318837.jpg,0
422,803,../datasets/raws\5_hermes_constance\hermes_constance\1000287044.jpg,4
423,704,../datasets/raws\4_hermes_gardenparty\[Class_4]_hermes_gardenparty\A11119847.jpg,3
424,177,../datasets/raws\1_hermes_kelly\hermes_kelly_3\A50158376.jpg,0
425,445,../datasets/raws\3_hermes_lindy\hermes_lindy\1000077362.jpg,2
426,921,../datasets/raws\6_hermes_picotin\picotin\1000354149.jpg,5
427,201,../datasets/raws\2_hermes_birkin\hermes_birkin\1000060997.jpg,1
428,470,../datasets/raws\3_hermes_lindy\hermes_lindy\1000152871.jpg,2
429,923,../datasets/raws\6_hermes_picotin\picotin\1000355697.jpg,5
430,377,../datasets/raws\2_hermes_birkin\hermes_birkin\A59058392.jpg,1
431,231,../datasets/raws\2_hermes_birkin\hermes_birkin\1000315443.jpg,1
432,566,../datasets/raws\3_hermes_lindy\hermes_lindy\A45530569.jpg,2
433,325,../datasets/raws\2_hermes_birkin\hermes_birkin\A31012567.jpg,1
434,843,../datasets/raws\6_hermes_picotin\picotin\1000108946.jpg,5
435,899,../datasets/raws\6_hermes_picotin\picotin\1000311186.jpg,5
436,830,../datasets/raws\6_hermes_picotin\picotin\1000077582.jpg,5
437,856,../datasets/raws\6_hermes_picotin\picotin\1000128262.jpg,5
438,104,../datasets/raws\1_hermes_kelly\hermes_kelly_3\1000312128.jpg,0
439,764,../datasets/raws\4_hermes_gardenparty\[Class_4]_hermes_gardenparty\A58013999.jpg,3
440,179,../datasets/raws\1_hermes_kelly\hermes_kelly_3\A50935509.jpg,0
441,45,../datasets/raws\1_hermes_kelly\hermes_kelly_3\1000078128.jpg,0
442,202,../datasets/raws\2_hermes_birkin\hermes_birkin\1000061474.jpg,1
443,156,../datasets/raws\1_hermes_kelly\hermes_kelly_3\A26873856.jpg,0
444,257,../datasets/raws\2_hermes_birkin\hermes_birkin\A10157835.jpg,1
445,831,../datasets/raws\6_hermes_picotin\picotin\1000077983.jpg,5
446,681,../datasets/raws\4_hermes_gardenparty\[Class_4]_hermes_gardenparty\1000346370.jpg,3
447,552,../datasets/raws\3_hermes_lindy\hermes_lindy\A26867271.jpg,2
448,438,../datasets/raws\3_hermes_lindy\hermes_lindy\1000061567.jpg,2
449,453,../datasets/raws\3_hermes_lindy\hermes_lindy\1000093766.jpg,2
450,259,../datasets/raws\2_hermes_birkin\hermes_birkin\A10861769.jpg,1
451,155,../datasets/raws\1_hermes_kelly\hermes_kelly_3\A25681260.jpg,0
452,752,../datasets/raws\4_hermes_gardenparty\[Class_4]_hermes_gardenparty\A36626904.jpg,3
453,953,../datasets/raws\6_hermes_picotin\picotin\A33792871.jpg,5
454,99,../datasets/raws\1_hermes_kelly\hermes_kelly_3\1000309396.jpg,0
455,581,../datasets/raws\4_hermes_gardenparty\[Class_4]_hermes_gardenparty\1000053304.jpg,3
456,730,../datasets/raws\4_hermes_gardenparty\[Class_4]_hermes_gardenparty\A23894120.jpg,3
457,481,../datasets/raws\3_hermes_lindy\hermes_lindy\1000233323.JPG,2
458,168,../datasets/raws\1_hermes_kelly\hermes_kelly_3\A35977027.jpg,0
459,951,../datasets/raws\6_hermes_picotin\picotin\A30874430.jpg,5
460,784,../datasets/raws\5_hermes_constance\hermes_constance\1000058860.jpg,4
461,675,../datasets/raws\4_hermes_gardenparty\[Class_4]_hermes_gardenparty\1000344770.jpg,3
462,582,../datasets/raws\4_hermes_gardenparty\[Class_4]_hermes_gardenparty\1000054279.jpg,3
463,594,../datasets/raws\4_hermes_gardenparty\[Class_4]_hermes_gardenparty\1000060414.jpg,3
464,406,../datasets/raws\2_hermes_birkin\hermes_birkin\A86855517.jpg,1
465,955,../datasets/raws\6_hermes_picotin\picotin\A35788999.jpg,5
466,766,../datasets/raws\4_hermes_gardenparty\[Class_4]_hermes_gardenparty\A61110409.jpg,3
467,337,../datasets/raws\2_hermes_birkin\hermes_birkin\A37289233.jpg,1
468,316,../datasets/raws\2_hermes_birkin\hermes_birkin\A28527716.jpg,1
469,865,../datasets/raws\6_hermes_picotin\picotin\1000180589.jpg,5
470,942,../datasets/raws\6_hermes_picotin\picotin\A20382106.jpg,5
471,795,../datasets/raws\5_hermes_constance\hermes_constance\1000107854.jpg,4
472,602,../datasets/raws\4_hermes_gardenparty\[Class_4]_hermes_gardenparty\1000062220.jpg,3
473,514,../datasets/raws\3_hermes_lindy\hermes_lindy\1000349218.jpg,2
474,110,../datasets/raws\1_hermes_kelly\hermes_kelly_3\1000317959.jpg,0
475,854,../datasets/raws\6_hermes_picotin\picotin\1000128260.jpg,5
476,650,../datasets/raws\4_hermes_gardenparty\[Class_4]_hermes_gardenparty\1000287637.jpg,3
477,792,../datasets/raws\5_hermes_constance\hermes_constance\1000107580.jpg,4
478,747,../datasets/raws\4_hermes_gardenparty\[Class_4]_hermes_gardenparty\A31819981.jpg,3
479,848,../datasets/raws\6_hermes_picotin\picotin\1000126687.jpg,5
480,137,../datasets/raws\1_hermes_kelly\hermes_kelly_3\A15954073.jpg,0
481,356,../datasets/raws\2_hermes_birkin\hermes_birkin\A45900200.jpg,1
482,187,../datasets/raws\1_hermes_kelly\hermes_kelly_3\A61962805.jpg,0
483,564,../datasets/raws\3_hermes_lindy\hermes_lindy\A41433730.jpg,2
484,775,../datasets/raws\4_hermes_gardenparty\[Class_4]_hermes_gardenparty\A83532559.jpg,3
485,88,../datasets/raws\1_hermes_kelly\hermes_kelly_3\1000262019.jpg,0
486,672,../datasets/raws\4_hermes_gardenparty\[Class_4]_hermes_gardenparty\1000318663.jpg,3
487,484,../datasets/raws\3_hermes_lindy\hermes_lindy\1000261315.jpg,2
488,34,../datasets/raws\1_hermes_kelly\hermes_kelly_3\1000062209.jpg,0
489,806,../datasets/raws\5_hermes_constance\hermes_constance\1000314988.jpg,4
490,301,../datasets/raws\2_hermes_birkin\hermes_birkin\A23402444.jpg,1
491,291,../datasets/raws\2_hermes_birkin\hermes_birkin\A19255866.jpg,1
492,94,../datasets/raws\1_hermes_kelly\hermes_kelly_3\1000286437.jpg,0
493,386,../datasets/raws\2_hermes_birkin\hermes_birkin\A64758001.jpg,1
494,29,../datasets/raws\1_hermes_kelly\hermes_kelly_3\1000061237.jpg,0
495,132,../datasets/raws\1_hermes_kelly\hermes_kelly_3\A13551801.jpg,0
496,513,../datasets/raws\3_hermes_lindy\hermes_lindy\1000348639.jpg,2
497,605,../datasets/raws\4_hermes_gardenparty\[Class_4]_hermes_gardenparty\1000062261.jpg,3
498,690,../datasets/raws\4_hermes_gardenparty\[Class_4]_hermes_gardenparty\1000350397.jpg,3
499,113,../datasets/raws\1_hermes_kelly\hermes_kelly_3\1000318104.jpg,0
500,242,../datasets/raws\2_hermes_birkin\hermes_birkin\1000319205.jpg,1
501,723,../datasets/raws\4_hermes_gardenparty\[Class_4]_hermes_gardenparty\A21558608.jpg,3
502,241,../datasets/raws\2_hermes_birkin\hermes_birkin\1000319183.jpg,1
503,268,../datasets/raws\2_hermes_birkin\hermes_birkin\A12916788.jpg,1
504,405,../datasets/raws\2_hermes_birkin\hermes_birkin\A85972488.jpg,1
505,911,../datasets/raws\6_hermes_picotin\picotin\1000320368.jpg,5
506,489,../datasets/raws\3_hermes_lindy\hermes_lindy\1000309665.jpg,2
507,21,../datasets/raws\1_hermes_kelly\hermes_kelly_3\1000060057.jpg,0
508,237,../datasets/raws\2_hermes_birkin\hermes_birkin\1000318855.jpg,1
509,62,../datasets/raws\1_hermes_kelly\hermes_kelly_3\1000108739.jpg,0
510,26,../datasets/raws\1_hermes_kelly\hermes_kelly_3\1000060910.jpg,0
511,388,../datasets/raws\2_hermes_birkin\hermes_birkin\A65561742.jpg,1
512,77,../datasets/raws\1_hermes_kelly\hermes_kelly_3\1000179989.jpg,0
513,139,../datasets/raws\1_hermes_kelly\hermes_kelly_3\A17118147.jpg,0
514,229,../datasets/raws\2_hermes_birkin\hermes_birkin\1000311543.jpg,1
515,385,../datasets/raws\2_hermes_birkin\hermes_birkin\A64049049.jpg,1
516,894,../datasets/raws\6_hermes_picotin\picotin\1000309748.jpg,5
517,630,../datasets/raws\4_hermes_gardenparty\[Class_4]_hermes_gardenparty\1000153175.jpg,3
518,833,../datasets/raws\6_hermes_picotin\picotin\1000078541.jpg,5
519,648,../datasets/raws\4_hermes_gardenparty\[Class_4]_hermes_gardenparty\1000264957.jpg,3
520,23,../datasets/raws\1_hermes_kelly\hermes_kelly_3\1000060335.jpg,0
521,425,../datasets/raws\3_hermes_lindy\hermes_lindy\1000055109.jpg,2
522,171,../datasets/raws\1_hermes_kelly\hermes_kelly_3\A38071026.jpg,0
523,262,../datasets/raws\2_hermes_birkin\hermes_birkin\A11065600.jpg,1
524,874,../datasets/raws\6_hermes_picotin\picotin\1000232651.jpg,5
525,343,../datasets/raws\2_hermes_birkin\hermes_birkin\A38912337.jpg,1
526,336,../datasets/raws\2_hermes_birkin\hermes_birkin\A37133314.jpg,1
527,42,../datasets/raws\1_hermes_kelly\hermes_kelly_3\1000077160.jpg,0
528,618,../datasets/raws\4_hermes_gardenparty\[Class_4]_hermes_gardenparty\1000093396.jpg,3
529,212,../datasets/raws\2_hermes_birkin\hermes_birkin\1000126494.jpg,1
530,938,../datasets/raws\6_hermes_picotin\picotin\A18444702.jpg,5
531,779,../datasets/raws\4_hermes_gardenparty\[Class_4]_hermes_gardenparty\A97872411.jpg,3
532,299,../datasets/raws\2_hermes_birkin\hermes_birkin\A21770289.jpg,1
533,142,../datasets/raws\1_hermes_kelly\hermes_kelly_3\A17392435.jpg,0
534,399,../datasets/raws\2_hermes_birkin\hermes_birkin\A74887335.jpg,1
535,38,../datasets/raws\1_hermes_kelly\hermes_kelly_3\1000076483.jpg,0
536,339,../datasets/raws\2_hermes_birkin\hermes_birkin\A38020665.jpg,1
537,82,../datasets/raws\1_hermes_kelly\hermes_kelly_3\1000233006.jpg,0
538,673,../datasets/raws\4_hermes_gardenparty\[Class_4]_hermes_gardenparty\1000320055.jpg,3
539,628,../datasets/raws\4_hermes_gardenparty\[Class_4]_hermes_gardenparty\1000153066.jpg,3
540,943,../datasets/raws\6_hermes_picotin\picotin\A22773854.jpg,5
541,721,../datasets/raws\4_hermes_gardenparty\[Class_4]_hermes_gardenparty\A19596085.jpg,3
542,359,../datasets/raws\2_hermes_birkin\hermes_birkin\A48518521.jpg,1
543,261,../datasets/raws\2_hermes_birkin\hermes_birkin\A10878454.jpg,1
544,660,../datasets/raws\4_hermes_gardenparty\[Class_4]_hermes_gardenparty\1000309957.jpg,3
545,497,../datasets/raws\3_hermes_lindy\hermes_lindy\1000315295.jpg,2
546,128,../datasets/raws\1_hermes_kelly\hermes_kelly_3\A11431912.jpg,0
547,86,../datasets/raws\1_hermes_kelly\hermes_kelly_3\1000261102.jpg,0
548,657,../datasets/raws\4_hermes_gardenparty\[Class_4]_hermes_gardenparty\1000309188.jpg,3
549,676,../datasets/raws\4_hermes_gardenparty\[Class_4]_hermes_gardenparty\1000344786.jpg,3
550,277,../datasets/raws\2_hermes_birkin\hermes_birkin\A15262845.jpg,1
551,416,../datasets/raws\3_hermes_lindy\hermes_lindy\1000051769.jpg,2
552,216,../datasets/raws\2_hermes_birkin\hermes_birkin\1000180543.jpg,1
553,569,../datasets/raws\3_hermes_lindy\hermes_lindy\A63934760.jpg,2
554,781,../datasets/raws\5_hermes_constance\hermes_constance\1000056774.jpg,4
555,198,../datasets/raws\1_hermes_kelly\hermes_kelly_3\A88983080.jpg,0
556,321,../datasets/raws\2_hermes_birkin\hermes_birkin\A29250753.jpg,1
557,417,../datasets/raws\3_hermes_lindy\hermes_lindy\1000051801.jpg,2
558,597,../datasets/raws\4_hermes_gardenparty\[Class_4]_hermes_gardenparty\1000060817.jpg,3
559,588,../datasets/raws\4_hermes_gardenparty\[Class_4]_hermes_gardenparty\1000058105.jpg,3
560,551,../datasets/raws\3_hermes_lindy\hermes_lindy\A26262282.jpg,2
561,482,../datasets/raws\3_hermes_lindy\hermes_lindy\1000234137.jpg,2
562,435,../datasets/raws\3_hermes_lindy\hermes_lindy\1000061163.jpg,2
563,684,../datasets/raws\4_hermes_gardenparty\[Class_4]_hermes_gardenparty\1000348875.jpg,3
564,209,../datasets/raws\2_hermes_birkin\hermes_birkin\1000079832.jpg,1
565,448,../datasets/raws\3_hermes_lindy\hermes_lindy\1000079427.jpg,2
566,738,../datasets/raws\4_hermes_gardenparty\[Class_4]_hermes_gardenparty\A27137485.jpg,3
567,480,../datasets/raws\3_hermes_lindy\hermes_lindy\1000206915.jpg,2
568,963,../datasets/raws\6_hermes_picotin\picotin\A51719690.jpg,5
569,910,../datasets/raws\6_hermes_picotin\picotin\1000319713.jpg,5
570,275,../datasets/raws\2_hermes_birkin\hermes_birkin\A14434632.jpg,1
571,457,../datasets/raws\3_hermes_lindy\hermes_lindy\1000094802.jpg,2
572,396,../datasets/raws\2_hermes_birkin\hermes_birkin\A73904110.jpg,1
573,178,../datasets/raws\1_hermes_kelly\hermes_kelly_3\A50433576.jpg,0
574,460,../datasets/raws\3_hermes_lindy\hermes_lindy\1000108601.jpg,2
575,474,../datasets/raws\3_hermes_lindy\hermes_lindy\1000179312.jpg,2
576,861,../datasets/raws\6_hermes_picotin\picotin\1000176989.jpg,5
577,852,../datasets/raws\6_hermes_picotin\picotin\1000127962.jpg,5
578,285,../datasets/raws\2_hermes_birkin\hermes_birkin\A18485587.jpg,1
579,378,../datasets/raws\2_hermes_birkin\hermes_birkin\A59228338.jpg,1
580,613,../datasets/raws\4_hermes_gardenparty\[Class_4]_hermes_gardenparty\1000078440.jpg,3
581,362,../datasets/raws\2_hermes_birkin\hermes_birkin\A49138570.jpg,1
582,801,../datasets/raws\5_hermes_constance\hermes_constance\1000261909.jpg,4
583,817,../datasets/raws\5_hermes_constance\hermes_constance\1000352547.jpg,4
584,172,../datasets/raws\1_hermes_kelly\hermes_kelly_3\A38797322.jpg,0
585,902,../datasets/raws\6_hermes_picotin\picotin\1000313887.jpg,5
586,117,../datasets/raws\1_hermes_kelly\hermes_kelly_3\1000319551.jpg,0
587,744,../datasets/raws\4_hermes_gardenparty\[Class_4]_hermes_gardenparty\A30969199.jpg,3
588,121,../datasets/raws\1_hermes_kelly\hermes_kelly_3\1000348159.jpg,0
589,214,../datasets/raws\2_hermes_birkin\hermes_birkin\1000152801.jpg,1
590,452,../datasets/raws\3_hermes_lindy\hermes_lindy\1000093687.jpg,2
591,447,../datasets/raws\3_hermes_lindy\hermes_lindy\1000078893.jpg,2
592,758,../datasets/raws\4_hermes_gardenparty\[Class_4]_hermes_gardenparty\A42500077.jpg,3
593,324,../datasets/raws\2_hermes_birkin\hermes_birkin\A30513419.jpg,1
594,252,../datasets/raws\2_hermes_birkin\hermes_birkin\1000352824.jpg,1
595,432,../datasets/raws\3_hermes_lindy\hermes_lindy\1000059431.jpg,2
596,403,../datasets/raws\2_hermes_birkin\hermes_birkin\A82977035.jpg,1
597,326,../datasets/raws\2_hermes_birkin\hermes_birkin\A31065342.jpg,1
598,357,../datasets/raws\2_hermes_birkin\hermes_birkin\A46610148.jpg,1
599,271,../datasets/raws\2_hermes_birkin\hermes_birkin\A13265847.jpg,1
600,434,../datasets/raws\3_hermes_lindy\hermes_lindy\1000060416.jpg,2
601,636,../datasets/raws\4_hermes_gardenparty\[Class_4]_hermes_gardenparty\1000233957.JPG,3
602,624,../datasets/raws\4_hermes_gardenparty\[Class_4]_hermes_gardenparty\1000109422.jpg,3
603,10,../datasets/raws\1_hermes_kelly\hermes_kelly_3\1000056456.jpg,0
604,54,../datasets/raws\1_hermes_kelly\hermes_kelly_3\1000093684.jpg,0
605,904,../datasets/raws\6_hermes_picotin\picotin\1000315438.jpg,5
606,883,../datasets/raws\6_hermes_picotin\picotin\1000284691.jpg,5
607,946,../datasets/raws\6_hermes_picotin\picotin\A25024514.jpg,5
608,140,../datasets/raws\1_hermes_kelly\hermes_kelly_3\A17131671.jpg,0
609,906,../datasets/raws\6_hermes_picotin\picotin\1000316237.jpg,5
610,541,../datasets/raws\3_hermes_lindy\hermes_lindy\A20225743.jpg,2
611,642,../datasets/raws\4_hermes_gardenparty\[Class_4]_hermes_gardenparty\1000262353.JPG,3
612,572,../datasets/raws\3_hermes_lindy\hermes_lindy\A71303440.jpg,2
613,205,../datasets/raws\2_hermes_birkin\hermes_birkin\1000076706.jpg,1
614,14,../datasets/raws\1_hermes_kelly\hermes_kelly_3\1000058177.jpg,0
615,297,../datasets/raws\2_hermes_birkin\hermes_birkin\A21617113.jpg,1
616,463,../datasets/raws\3_hermes_lindy\hermes_lindy\1000126698.jpg,2
617,152,../datasets/raws\1_hermes_kelly\hermes_kelly_3\A23135331.jpg,0
618,800,../datasets/raws\5_hermes_constance\hermes_constance\1000206898.JPG,4
619,280,../datasets/raws\2_hermes_birkin\hermes_birkin\A17359035.jpg,1
620,891,../datasets/raws\6_hermes_picotin\picotin\1000288119.jpg,5
621,184,../datasets/raws\1_hermes_kelly\hermes_kelly_3\A58244273.jpg,0
622,700,../datasets/raws\4_hermes_gardenparty\[Class_4]_hermes_gardenparty\1000356246.jpg,3
623,560,../datasets/raws\3_hermes_lindy\hermes_lindy\A37235044.jpg,2
624,192,../datasets/raws\1_hermes_kelly\hermes_kelly_3\A70077987.jpg,0
625,748,../datasets/raws\4_hermes_gardenparty\[Class_4]_hermes_gardenparty\A32873985.jpg,3
626,797,../datasets/raws\5_hermes_constance\hermes_constance\1000179759.jpg,4
627,669,../datasets/raws\4_hermes_gardenparty\[Class_4]_hermes_gardenparty\1000316623.jpg,3
628,419,../datasets/raws\3_hermes_lindy\hermes_lindy\1000051888.jpg,2
629,561,../datasets/raws\3_hermes_lindy\hermes_lindy\A37632463.jpg,2
630,341,../datasets/raws\2_hermes_birkin\hermes_birkin\A38406078.jpg,1
631,922,../datasets/raws\6_hermes_picotin\picotin\1000355371.jpg,5
632,716,../datasets/raws\4_hermes_gardenparty\[Class_4]_hermes_gardenparty\A16048469.jpg,3
633,150,../datasets/raws\1_hermes_kelly\hermes_kelly_3\A22235837.jpg,0
634,809,../datasets/raws\5_hermes_constance\hermes_constance\1000317889.jpg,4
635,418,../datasets/raws\3_hermes_lindy\hermes_lindy\1000051802.jpg,2
636,776,../datasets/raws\4_hermes_gardenparty\[Class_4]_hermes_gardenparty\A88033995.jpg,3
637,519,../datasets/raws\3_hermes_lindy\hermes_lindy\1000351602.jpg,2
638,702,../datasets/raws\4_hermes_gardenparty\[Class_4]_hermes_gardenparty\1000356468.jpg,3
639,454,../datasets/raws\3_hermes_lindy\hermes_lindy\1000094431.jpg,2
640,493,../datasets/raws\3_hermes_lindy\hermes_lindy\1000313041.jpg,2
641,161,../datasets/raws\1_hermes_kelly\hermes_kelly_3\A30256480.jpg,0
642,586,../datasets/raws\4_hermes_gardenparty\[Class_4]_hermes_gardenparty\1000058016.jpg,3
643,144,../datasets/raws\1_hermes_kelly\hermes_kelly_3\A18686008.jpg,0
644,169,../datasets/raws\1_hermes_kelly\hermes_kelly_3\A37491748.jpg,0
645,611,../datasets/raws\4_hermes_gardenparty\[Class_4]_hermes_gardenparty\1000077873.jpg,3
646,912,../datasets/raws\6_hermes_picotin\picotin\1000344860.jpg,5
647,527,../datasets/raws\3_hermes_lindy\hermes_lindy\A10548552.jpg,2
648,555,../datasets/raws\3_hermes_lindy\hermes_lindy\A29223595.jpg,2
649,380,../datasets/raws\2_hermes_birkin\hermes_birkin\A61386702.jpg,1
650,375,../datasets/raws\2_hermes_birkin\hermes_birkin\A58222890.jpg,1
651,927,../datasets/raws\6_hermes_picotin\picotin\A10893447.jpg,5
652,570,../datasets/raws\3_hermes_lindy\hermes_lindy\A65759928.jpg,2
653,147,../datasets/raws\1_hermes_kelly\hermes_kelly_3\A20282224.jpg,0
654,679,../datasets/raws\4_hermes_gardenparty\[Class_4]_hermes_gardenparty\1000345720.jpg,3
655,473,../datasets/raws\3_hermes_lindy\hermes_lindy\1000178863.jpg,2
656,456,../datasets/raws\3_hermes_lindy\hermes_lindy\1000094750.jpg,2
657,220,../datasets/raws\2_hermes_birkin\hermes_birkin\1000285046.jpg,1
658,174,../datasets/raws\1_hermes_kelly\hermes_kelly_3\A43948052.jpg,0
659,267,../datasets/raws\2_hermes_birkin\hermes_birkin\A12809357.jpg,1
660,75,../datasets/raws\1_hermes_kelly\hermes_kelly_3\1000178724.jpg,0
661,483,../datasets/raws\3_hermes_lindy\hermes_lindy\1000261313.jpg,2
662,659,../datasets/raws\4_hermes_gardenparty\[Class_4]_hermes_gardenparty\1000309645.jpg,3
663,834,../datasets/raws\6_hermes_picotin\picotin\1000079568.jpg,5
664,645,../datasets/raws\4_hermes_gardenparty\[Class_4]_hermes_gardenparty\1000263347.jpg,3
665,412,../datasets/raws\3_hermes_lindy\hermes_lindy\1000050279.jpg,2
666,767,../datasets/raws\4_hermes_gardenparty\[Class_4]_hermes_gardenparty\A62677294.jpg,3
667,6,../datasets/raws\1_hermes_kelly\hermes_kelly_3\1000054847.jpg,0
668,664,../datasets/raws\4_hermes_gardenparty\[Class_4]_hermes_gardenparty\1000311585.jpg,3
669,226,../datasets/raws\2_hermes_birkin\hermes_birkin\1000309543.jpg,1
670,215,../datasets/raws\2_hermes_birkin\hermes_birkin\1000178861.jpg,1
671,98,../datasets/raws\1_hermes_kelly\hermes_kelly_3\1000308682.jpg,0
672,248,../datasets/raws\2_hermes_birkin\hermes_birkin\1000350395.jpg,1
673,788,../datasets/raws\5_hermes_constance\hermes_constance\1000077812.jpg,4
674,105,../datasets/raws\1_hermes_kelly\hermes_kelly_3\1000312246.jpg,0
675,695,../datasets/raws\4_hermes_gardenparty\[Class_4]_hermes_gardenparty\1000354448.jpg,3
676,756,../datasets/raws\4_hermes_gardenparty\[Class_4]_hermes_gardenparty\A40619250.jpg,3
677,761,../datasets/raws\4_hermes_gardenparty\[Class_4]_hermes_gardenparty\A51523582.jpg,3
678,118,../datasets/raws\1_hermes_kelly\hermes_kelly_3\1000320229.jpg,0
679,206,../datasets/raws\2_hermes_birkin\hermes_birkin\1000077124.jpg,1
680,112,../datasets/raws\1_hermes_kelly\hermes_kelly_3\1000318087.jpg,0
681,528,../datasets/raws\3_hermes_lindy\hermes_lindy\A10940969.jpg,2
682,304,../datasets/raws\2_hermes_birkin\hermes_birkin\A23955318.jpg,1
683,935,../datasets/raws\6_hermes_picotin\picotin\A16462682.jpg,5
684,19,../datasets/raws\1_hermes_kelly\hermes_kelly_3\1000059507.jpg,0
685,426,../datasets/raws\3_hermes_lindy\hermes_lindy\1000055556.jpg,2
686,742,../datasets/raws\4_hermes_gardenparty\[Class_4]_hermes_gardenparty\A30071288.jpg,3
687,393,../datasets/raws\2_hermes_birkin\hermes_birkin\A70838922.jpg,1
688,382,../datasets/raws\2_hermes_birkin\hermes_birkin\A62695677.jpg,1
689,7,../datasets/raws\1_hermes_kelly\hermes_kelly_3\1000055430.jpg,0
690,841,../datasets/raws\6_hermes_picotin\picotin\1000107713.jpg,5
691,160,../datasets/raws\1_hermes_kelly\hermes_kelly_3\A30159252.jpg,0
692,351,../datasets/raws\2_hermes_birkin\hermes_birkin\A42396463.jpg,1
693,646,../datasets/raws\4_hermes_gardenparty\[Class_4]_hermes_gardenparty\1000263952.jpg,3
694,933,../datasets/raws\6_hermes_picotin\picotin\A15234044.jpg,5
695,46,../datasets/raws\1_hermes_kelly\hermes_kelly_3\1000078806.jpg,0
696,634,../datasets/raws\4_hermes_gardenparty\[Class_4]_hermes_gardenparty\1000206834.jpg,3
697,423,../datasets/raws\3_hermes_lindy\hermes_lindy\1000054733.jpg,2
698,310,../datasets/raws\2_hermes_birkin\hermes_birkin\A25892692.jpg,1
699,550,../datasets/raws\3_hermes_lindy\hermes_lindy\A25223609.jpg,2
700,466,../datasets/raws\3_hermes_lindy\hermes_lindy\1000127164.jpg,2
701,450,../datasets/raws\3_hermes_lindy\hermes_lindy\1000079930.jpg,2
702,363,../datasets/raws\2_hermes_birkin\hermes_birkin\A49209951.jpg,1
703,293,../datasets/raws\2_hermes_birkin\hermes_birkin\A19681449.jpg,1
704,603,../datasets/raws\4_hermes_gardenparty\[Class_4]_hermes_gardenparty\1000062221.jpg,3
705,614,../datasets/raws\4_hermes_gardenparty\[Class_4]_hermes_gardenparty\1000079199.jpg,3
706,217,../datasets/raws\2_hermes_birkin\hermes_birkin\1000207030.jpg,1
707,376,../datasets/raws\2_hermes_birkin\hermes_birkin\A58936092.jpg,1
708,123,../datasets/raws\1_hermes_kelly\hermes_kelly_3\1000352924.jpg,0
709,548,../datasets/raws\3_hermes_lindy\hermes_lindy\A23706921.jpg,2
710,199,../datasets/raws\1_hermes_kelly\hermes_kelly_3\A91718856.jpg,0
711,422,../datasets/raws\3_hermes_lindy\hermes_lindy\1000054732.jpg,2
712,2,../datasets/raws\1_hermes_kelly\hermes_kelly_3\1000051052.jpg,0
713,903,../datasets/raws\6_hermes_picotin\picotin\1000315293.jpg,5
714,832,../datasets/raws\6_hermes_picotin\picotin\1000078049.jpg,5
715,394,../datasets/raws\2_hermes_birkin\hermes_birkin\A70844650.jpg,1
716,559,../datasets/raws\3_hermes_lindy\hermes_lindy\A35883143.jpg,2
717,735,../datasets/raws\4_hermes_gardenparty\[Class_4]_hermes_gardenparty\A24848415.jpg,3
718,28,../datasets/raws\1_hermes_kelly\hermes_kelly_3\1000061183.jpg,0
719,712,../datasets/raws\4_hermes_gardenparty\[Class_4]_hermes_gardenparty\A14951213.jpg,3
720,533,../datasets/raws\3_hermes_lindy\hermes_lindy\A14557694.jpg,2
721,685,../datasets/raws\4_hermes_gardenparty\[Class_4]_hermes_gardenparty\1000348884.jpg,3
722,20,../datasets/raws\1_hermes_kelly\hermes_kelly_3\1000059660.jpg,0
723,31,../datasets/raws\1_hermes_kelly\hermes_kelly_3\1000061584.jpg,0
724,598,../datasets/raws\4_hermes_gardenparty\[Class_4]_hermes_gardenparty\1000061092.jpg,3
725,575,../datasets/raws\3_hermes_lindy\hermes_lindy\A92084853.jpg,2
726,491,../datasets/raws\3_hermes_lindy\hermes_lindy\1000311547.jpg,2
727,347,../datasets/raws\2_hermes_birkin\hermes_birkin\A40670499.jpg,1
728,476,../datasets/raws\3_hermes_lindy\hermes_lindy\1000180069.jpg,2
729,783,../datasets/raws\5_hermes_constance\hermes_constance\1000058348.jpg,4
730,875,../datasets/raws\6_hermes_picotin\picotin\1000233950.jpg,5
731,81,../datasets/raws\1_hermes_kelly\hermes_kelly_3\1000232588.jpg,0
732,494,../datasets/raws\3_hermes_lindy\hermes_lindy\1000313045.jpg,2
733,381,../datasets/raws\2_hermes_birkin\hermes_birkin\A61924897.jpg,1
734,741,../datasets/raws\4_hermes_gardenparty\[Class_4]_hermes_gardenparty\A29339517.jpg,3
735,9,../datasets/raws\1_hermes_kelly\hermes_kelly_3\1000056381.jpg,0
736,870,../datasets/raws\6_hermes_picotin\picotin\1000206407.jpg,5
737,322,../datasets/raws\2_hermes_birkin\hermes_birkin\A29760844.jpg,1
738,410,../datasets/raws\2_hermes_birkin\hermes_birkin\A98907718.jpg,1
739,873,../datasets/raws\6_hermes_picotin\picotin\1000207260.jpg,5
740,170,../datasets/raws\1_hermes_kelly\hermes_kelly_3\A38048962.jpg,0
741,827,../datasets/raws\6_hermes_picotin\picotin\1000060565.jpg,5
742,839,../datasets/raws\6_hermes_picotin\picotin\1000095168.jpg,5
743,821,../datasets/raws\6_hermes_picotin\picotin\1000051506.jpg,5
744,563,../datasets/raws\3_hermes_lindy\hermes_lindy\A41242557.jpg,2
745,777,../datasets/raws\4_hermes_gardenparty\[Class_4]_hermes_gardenparty\A89971794.jpg,3
746,440,../datasets/raws\3_hermes_lindy\hermes_lindy\1000062199.jpg,2
747,947,../datasets/raws\6_hermes_picotin\picotin\A25393557.jpg,5
748,102,../datasets/raws\1_hermes_kelly\hermes_kelly_3\1000311986.jpg,0
749,270,../datasets/raws\2_hermes_birkin\hermes_birkin\A13011744.jpg,1
750,530,../datasets/raws\3_hermes_lindy\hermes_lindy\A11838993.jpg,2
751,315,../datasets/raws\2_hermes_birkin\hermes_birkin\A28265780.jpg,1
752,354,../datasets/raws\2_hermes_birkin\hermes_birkin\A45293679.jpg,1
753,349,../datasets/raws\2_hermes_birkin\hermes_birkin\A41236832.jpg,1
754,143,../datasets/raws\1_hermes_kelly\hermes_kelly_3\A17494257.jpg,0
755,61,../datasets/raws\1_hermes_kelly\hermes_kelly_3\1000107579.jpg,0
756,905,../datasets/raws\6_hermes_picotin\picotin\1000315461.jpg,5
757,269,../datasets/raws\2_hermes_birkin\hermes_birkin\A12999147.jpg,1
758,620,../datasets/raws\4_hermes_gardenparty\[Class_4]_hermes_gardenparty\1000094248.jpg,3
759,667,../datasets/raws\4_hermes_gardenparty\[Class_4]_hermes_gardenparty\1000314277.jpg,3
760,458,../datasets/raws\3_hermes_lindy\hermes_lindy\1000107585.jpg,2
761,115,../datasets/raws\1_hermes_kelly\hermes_kelly_3\1000319207.jpg,0
762,945,../datasets/raws\6_hermes_picotin\picotin\A24870365.jpg,5
763,828,../datasets/raws\6_hermes_picotin\picotin\1000076509.jpg,5
764,85,../datasets/raws\1_hermes_kelly\hermes_kelly_3\1000260903.jpg,0
765,877,../datasets/raws\6_hermes_picotin\picotin\1000262952.jpg,5
766,48,../datasets/raws\1_hermes_kelly\hermes_kelly_3\1000078849.jpg,0
767,703,../datasets/raws\4_hermes_gardenparty\[Class_4]_hermes_gardenparty\A10036137.jpg,3
768,360,../datasets/raws\2_hermes_birkin\hermes_birkin\A48675862.jpg,1
769,851,../datasets/raws\6_hermes_picotin\picotin\1000126955.jpg,5
770,136,../datasets/raws\1_hermes_kelly\hermes_kelly_3\A15953522.jpg,0
771,133,../datasets/raws\1_hermes_kelly\hermes_kelly_3\A14130129.jpg,0
772,361,../datasets/raws\2_hermes_birkin\hermes_birkin\A48698441.jpg,1
773,340,../datasets/raws\2_hermes_birkin\hermes_birkin\A38091480.jpg,1
774,451,../datasets/raws\3_hermes_lindy\hermes_lindy\1000080147.jpg,2
